,number,value,datetime_start,datetime_complete,duration,params_input_scaling,params_leaking_rate,params_ridge,params_spectral_radius,user_attrs_n_folds,user_attrs_n_inits,user_attrs_seeds,user_attrs_top10_accuracy,state
0,0,0.021599573432389788,2023-02-04 14:43:52,2023-02-04 14:46:50,0 days 00:02:58,31.871365494214587,0.35827878348881276,0.0008283816128361322,0.34057909631112715,3,1,[69065],0.14112680551197995,COMPLETE
1,1,0.02010365180831819,2023-02-04 14:46:50,2023-02-04 14:49:46,0 days 00:02:56,0.0009235426978102808,0.00022903648906658658,1.5184848179468492e-08,0.019865303378309888,3,1,[69065],0.13138460889723144,COMPLETE
2,2,0.022000840245230854,2023-02-04 14:49:46,2023-02-04 14:52:44,0 days 00:02:58,0.0015310656163406518,0.2518451096021912,6.585688079197692e-07,0.0011611642946959195,3,1,[69065],0.14400870050336845,COMPLETE
3,3,0.028604791602052,2023-02-04 14:52:44,2023-02-04 14:55:41,0 days 00:02:57,0.00012538070234829052,5.523847098093297e-06,4.4838437318404905e-05,0.6716994172227275,3,1,[69065],0.18195419429598791,COMPLETE
4,4,0.02017659525300977,2023-02-04 14:55:41,2023-02-04 14:58:36,0 days 00:02:55,41.72317330600238,0.03927451416949232,4.473128570818584e-05,1.3511649035660305,3,1,[69065],0.13828071737823364,COMPLETE
5,5,0.021818487623274,2023-02-04 14:58:36,2023-02-04 15:01:38,0 days 00:03:02,5.299069161214692,0.0008526595131296257,1.4234638856589082e-06,0.0002647692032524474,3,1,[69065],0.13109351795248506,COMPLETE
6,6,0.019957776898479232,2023-02-04 15:01:38,2023-02-04 15:04:34,0 days 00:02:56,54.787497390443484,0.00017113828307002937,2.1851036514106376e-05,0.0021239775291299156,3,1,[69065],0.12014750891966912,COMPLETE
7,7,0.022110261402040334,2023-02-04 15:04:34,2023-02-04 15:07:34,0 days 00:03:00,0.6712849791443555,0.018662938786880422,6.041600484574095e-07,51.834002972955645,3,1,[69065],0.14112692530742207,COMPLETE
8,8,0.012332221991017018,2023-02-04 15:07:34,2023-02-04 15:10:40,0 days 00:03:06,2.528452503779895,4.066177315003209e-05,0.006388574608735436,14.702429376168428,3,1,[69065],0.09493526434002357,COMPLETE
9,9,0.020906209393088737,2023-02-04 15:10:40,2023-02-04 15:13:35,0 days 00:02:55,19.145486648793593,0.04035688379069179,1.8117541903413515e-08,2.9464149232875037,3,1,[69065],0.13853603740397047,COMPLETE
10,10,0.02203728201871612,2023-02-04 15:13:35,2023-02-04 15:16:33,0 days 00:02:58,0.011317052927093806,0.061482401796067794,4.0366858693406306e-07,0.1724035825583731,3,1,[69065],0.13984939077428946,COMPLETE
11,11,0.017111353337495024,2023-02-04 15:16:33,2023-02-04 15:19:36,0 days 00:03:03,0.20513427876295745,1.2409518407661182e-05,0.0010742395610695782,0.04897220362008337,3,1,[69065],0.13153002858439045,COMPLETE
12,12,0.020650817490086626,2023-02-04 15:19:37,2023-02-04 15:22:41,0 days 00:03:04,0.18215927662339187,0.0007595071677830258,0.0015965822922800166,0.28427000093566435,3,1,[69065],0.13218763368422615,COMPLETE
13,13,0.021818343868743487,2023-02-04 15:22:41,2023-02-04 15:25:49,0 days 00:03:08,0.3999446104033556,0.002383444169453065,6.618602886177547e-07,0.2946427675073775,3,1,[69065],0.13755087562681467,COMPLETE
14,14,0.02327790757613929,2023-02-04 15:25:49,2023-02-04 15:28:45,0 days 00:02:56,0.0015758241213350795,0.013611598356405366,0.0011899386802926007,0.01749582833953792,3,1,[69065],0.1542978831067223,COMPLETE
15,15,0.012988365586459187,2023-02-04 15:28:45,2023-02-04 15:31:53,0 days 00:03:08,0.6663849454964772,5.73038065666172e-06,7.951144950630428e-06,9.28942340241003,3,1,[69065],0.09464362233624352,COMPLETE
16,16,0.021562975924829798,2023-02-04 15:31:53,2023-02-04 15:34:56,0 days 00:03:03,0.0882575081287143,0.0004077151111544006,0.008639131267439799,0.19401709791912553,3,1,[69065],0.13922965301369994,COMPLETE
17,17,0.017950640204811873,2023-02-04 15:34:56,2023-02-04 15:38:00,0 days 00:03:04,5.130892093629565,7.51190862775417e-06,8.536118912612816e-07,0.6369095660943174,3,1,[69065],0.11554949630209439,COMPLETE
18,18,0.02758339170366249,2023-02-04 15:38:00,2023-02-04 15:41:00,0 days 00:03:00,0.000509649469563124,3.216705667542778e-05,4.8583833435061456e-05,0.00011837254772277898,3,1,[69065],0.17885291791149105,COMPLETE
19,19,0.020322697774188703,2023-02-04 15:41:00,2023-02-04 15:44:01,0 days 00:03:01,13.378859979333217,0.0002593040478033944,1.623165341197308e-08,0.13108064438724115,3,1,[69065],0.12153416512100597,COMPLETE
20,20,0.021636230837670828,2023-02-04 15:44:01,2023-02-04 15:47:02,0 days 00:03:01,0.015483777880816712,0.6705611715307761,2.3388529934654472e-07,40.06417428314426,3,1,[69065],0.13849988313954623,COMPLETE
21,21,0.02065104510142661,2023-02-04 15:47:02,2023-02-04 15:50:04,0 days 00:03:02,0.07612664320942204,0.0037868706689594958,3.687471729149869e-07,0.10661886738649123,3,1,[69065],0.13605504983909675,COMPLETE
22,22,0.021380659241505572,2023-02-04 15:50:04,2023-02-04 15:53:10,0 days 00:03:06,0.8925461454033887,0.0005908404821143175,0.00018850138996478216,0.3707846631098764,3,1,[69065],0.1294512062981735,COMPLETE
23,23,0.02189147898614242,2023-02-04 15:53:10,2023-02-04 15:56:07,0 days 00:02:57,48.372076919536234,0.0008640356534564903,5.0581272612227105e-08,0.008023140842642544,3,1,[69065],0.13083782656087772,COMPLETE
24,24,0.02207365191493613,2023-02-04 15:56:07,2023-02-04 15:59:12,0 days 00:03:05,0.3566230798617809,0.04502916198832477,8.007730053731845e-06,3.4617601043637727,3,1,[69065],0.13926589113493365,COMPLETE
25,25,0.0267805226507425,2023-02-04 15:59:12,2023-02-04 16:02:09,0 days 00:02:57,0.000611773180367933,3.69542243813635e-05,7.378493307220691e-06,0.04173871365797164,3,1,[69065],0.17009631433748984,COMPLETE
26,26,0.02608755393640036,2023-02-04 16:02:09,2023-02-04 16:05:06,0 days 00:02:57,70.24220587685981,2.7185467212477998e-06,0.008522103509548538,0.0006776044661309181,3,1,[69065],0.14787634426957905,COMPLETE
27,27,0.02123449682260559,2023-02-04 16:05:06,2023-02-04 16:08:09,0 days 00:03:03,8.541248370545068,0.012471999758047978,0.007539428500372268,0.023172689529258824,3,1,[69065],0.13937537218946416,COMPLETE
28,28,0.015579816528488616,2023-02-04 16:08:09,2023-02-04 16:11:14,0 days 00:03:05,0.8126459493638202,6.381344524241521e-05,1.453912731638026e-07,13.456632123461421,3,1,[69065],0.1048605443289257,COMPLETE
29,29,0.02181828397102244,2023-02-04 16:11:14,2023-02-04 16:14:21,0 days 00:03:07,0.018529095294637792,0.05811849111625624,3.209054295096284e-05,4.676616393360525,3,1,[69065],0.1421846112452221,COMPLETE
30,30,0.019848164068962403,2023-02-04 16:14:21,2023-02-04 16:17:19,0 days 00:02:58,0.01177767281287295,0.4685662019677692,4.7316380589307235e-06,0.23824605073078345,3,1,[69065],0.13919277997662313,COMPLETE
31,31,0.020906221372632944,2023-02-04 16:17:19,2023-02-04 16:20:24,0 days 00:03:05,6.8046913669675835,0.026911415904971352,0.0007268063681341725,0.019518779942492577,3,1,[69065],0.13714956089579677,COMPLETE
32,32,0.023861838479086652,2023-02-04 16:20:24,2023-02-04 16:23:23,0 days 00:02:59,0.0005055383625943415,0.003856709793219403,9.666606195231258e-05,0.0015293436787731439,3,1,[69065],0.1590048137402497,COMPLETE
33,33,0.017986950203310835,2023-02-04 16:23:23,2023-02-04 16:26:18,0 days 00:02:55,0.00831005350814262,1.457871771443885e-06,1.8082770996778688e-08,0.00010113285266999785,3,1,[69065],0.11533086962027121,COMPLETE
34,34,0.028276384377093053,2023-02-04 16:26:18,2023-02-04 16:29:15,0 days 00:02:57,0.0002630242843189217,0.00010112827213875047,3.714869333230754e-05,0.018078943526209288,3,1,[69065],0.1782326889895889,COMPLETE
35,35,0.013863902554553947,2023-02-04 16:29:15,2023-02-04 16:32:15,0 days 00:03:00,11.198685205077032,1.9629939133680103e-06,1.6749202269882155e-08,34.262523914710556,3,1,[69065],0.11715578546696803,COMPLETE
36,36,0.020797015847619237,2023-02-04 16:32:15,2023-02-04 16:35:09,0 days 00:02:54,0.0003088672367235035,0.04104603577926708,0.00021658555860589964,81.64968812715814,3,1,[69065],0.13915681738490623,COMPLETE
37,37,0.019848403659846595,2023-02-04 16:35:09,2023-02-04 16:38:09,0 days 00:03:00,11.246223511744923,0.00018451674916530894,2.1569560871641377e-05,0.12172606218562661,3,1,[69065],0.11916238308114596,COMPLETE
38,38,0.011346892500242288,2023-02-04 16:38:09,2023-02-04 16:41:07,0 days 00:02:58,0.0008200233418388067,1.0336160173074805e-05,2.328076329462731e-08,2.931654337099946,3,1,[69065],0.10095606346427095,COMPLETE
39,39,0.022402131017160338,2023-02-04 16:41:07,2023-02-04 16:44:11,0 days 00:03:04,0.10915105707460414,0.20797937000708613,9.511297154850796e-06,0.07420631764559141,3,1,[69065],0.1413091341748484,COMPLETE
40,40,0.025467013546348796,2023-02-04 16:44:11,2023-02-04 16:47:09,0 days 00:02:58,0.0025814519040351772,0.000529000452725994,0.003263660868314951,0.00020463137598065255,3,1,[69065],0.17578811923911206,COMPLETE
41,41,0.022000936081584526,2023-02-04 16:47:09,2023-02-04 16:50:13,0 days 00:03:04,2.629875337169293,0.002682436564653489,0.003119196167179909,0.0008326410849092193,3,1,[69065],0.13550805187094725,COMPLETE
42,42,0.02130764391954874,2023-02-04 16:50:13,2023-02-04 16:53:18,0 days 00:03:05,1.113777487406543,0.0043489857293299355,1.379977701006863e-07,0.0017923865604679778,3,1,[69065],0.13682106981402833,COMPLETE
43,43,0.022840210969357167,2023-02-04 16:53:18,2023-02-04 16:56:16,0 days 00:02:58,0.03481177718391144,0.18614830105750269,0.000306097082757803,49.60126491081175,3,1,[69065],0.14262273911559578,COMPLETE
44,44,0.021818499602818214,2023-02-04 16:56:16,2023-02-04 16:59:16,0 days 00:03:00,0.0006516825496157459,0.0010303093327587603,8.996756415448044e-07,0.05475253779110388,3,1,[69065],0.14313337916706947,COMPLETE
45,45,0.020066934505316103,2023-02-04 16:59:16,2023-02-04 17:02:22,0 days 00:03:06,0.2312239871737468,0.36381597625126577,5.503657450595138e-05,3.0762564165053794,3,1,[69065],0.13795237005099573,COMPLETE
46,46,0.019848379700758173,2023-02-04 17:02:22,2023-02-04 17:05:27,0 days 00:03:05,0.3466184202225697,0.5347675652890208,6.670994311936888e-07,0.681307951312022,3,1,[69065],0.14072525119007787,COMPLETE
47,47,0.021161804948342407,2023-02-04 17:05:27,2023-02-04 17:08:24,0 days 00:02:57,35.888522824426715,0.00034063194470166226,0.00042123652834639416,0.0002597187116284941,3,1,[69065],0.1227016555610302,COMPLETE
48,48,0.020979248674133994,2023-02-04 17:08:24,2023-02-04 17:11:19,0 days 00:02:55,87.01994472595723,0.0006335573331004003,0.0015634157537698728,0.2994518906022996,3,1,[69065],0.12919607794514398,COMPLETE
49,49,0.019592999777300276,2023-02-04 17:11:19,2023-02-04 17:14:19,0 days 00:03:00,28.918306645355763,0.00017866886729113677,0.00020662538842431446,0.1272383465635764,3,1,[69065],0.1197826359621365,COMPLETE
50,50,0.021781950013435056,2023-02-04 17:14:19,2023-02-04 17:17:17,0 days 00:02:58,0.0001979629429583134,0.2706463898645788,1.4712402818435232e-06,0.0006636897447055214,3,1,[69065],0.14419108906395794,COMPLETE
51,51,0.0201766311916424,2023-02-04 17:17:17,2023-02-04 17:20:11,0 days 00:02:54,62.37477639621525,0.0460146754803569,0.0002206674988299565,0.5307559921889656,3,1,[69065],0.139594322318981,COMPLETE
52,52,0.021526665926330835,2023-02-04 17:20:11,2023-02-04 17:23:11,0 days 00:03:00,0.0006118826846711608,0.017891540398658656,1.5464924296067544e-08,0.10496621611985926,3,1,[69065],0.1399587640129221,COMPLETE
53,53,0.022219826313380323,2023-02-04 17:23:11,2023-02-04 17:26:25,0 days 00:03:14,0.010994441443661422,0.02305199047421545,4.622592037924563e-05,5.272985399079643,3,1,[69065],0.138755083369841,COMPLETE
54,54,0.024008048816163474,2023-02-04 17:26:25,2023-02-04 17:29:34,0 days 00:03:09,0.001205742613150024,2.194398927525112e-06,1.3420152057240133e-06,0.3187355286730931,3,1,[69065],0.166629973322753,COMPLETE
55,55,0.01930099838719396,2023-02-04 17:29:34,2023-02-04 17:32:50,0 days 00:03:16,0.32253776091519293,0.00021136368890155391,5.299378800765832e-05,0.0011510218388545706,3,1,[69065],0.12379591504730182,COMPLETE
56,56,0.02130770381726978,2023-02-04 17:32:50,2023-02-04 17:36:00,0 days 00:03:10,8.406346090582284,0.05622026027050176,1.5665348891152412e-05,52.34895051143597,3,1,[69065],0.13963083596973153,COMPLETE
57,57,0.015652005261895,2023-02-04 17:36:00,2023-02-04 17:39:11,0 days 00:03:11,0.4979260533509854,1.3866652428596016e-06,2.4968871477233587e-07,0.3536704684126189,3,1,[69065],0.11635214972321861,COMPLETE
58,58,0.02156309572027189,2023-02-04 17:39:11,2023-02-04 17:42:11,0 days 00:03:00,0.020846867800509136,0.009556113024390946,1.8319368253237065e-08,0.00843286897084867,3,1,[69065],0.13999540943865893,COMPLETE
59,59,0.028604791602052,2023-02-04 17:42:11,2023-02-04 17:45:10,0 days 00:02:59,0.0007760178612031081,5.975455810194864e-05,0.002291008137086247,0.05653201800039891,3,1,[69065],0.18162581103011743,COMPLETE
60,60,0.01667425570792338,2023-02-04 17:45:10,2023-02-04 17:48:14,0 days 00:03:04,0.003278166745787087,0.001014531207349378,4.27704763439747e-06,2.359575207853918,3,1,[69065],0.10890959433310059,COMPLETE
61,61,0.021672612713435045,2023-02-04 17:48:14,2023-02-04 17:51:11,0 days 00:02:57,95.73432010400417,0.1959830337923235,4.9722116073766703e-05,6.310711184693333,3,1,[69065],0.139849822037881,COMPLETE
62,62,0.025613104087983524,2023-02-04 17:51:11,2023-02-04 17:54:12,0 days 00:03:01,0.00013616365917691858,0.002739043044845443,1.7036928874860042e-05,0.623277407451556,3,1,[69065],0.16641128674320874,COMPLETE
63,63,0.019665739569740295,2023-02-04 17:54:12,2023-02-04 17:57:14,0 days 00:03:02,0.025068426978556938,7.865200135874891e-05,0.00022692648465115828,0.0010321871814954794,3,1,[69065],0.13262477923197466,COMPLETE
64,64,0.02211048901338031,2023-02-04 17:57:14,2023-02-04 18:00:24,0 days 00:03:10,2.8190904649999684,0.2750878185157735,9.501022131425866e-08,0.0002496661620798706,3,1,[69065],0.14025106489163364,COMPLETE
65,65,0.021672552815714004,2023-02-04 18:00:24,2023-02-04 18:03:28,0 days 00:03:04,0.12269864063322533,0.1709927451974566,1.2145771663901815e-08,0.00032735757703505506,3,1,[69065],0.1404701348165926,COMPLETE
66,66,0.0200668027303298,2023-02-04 18:03:28,2023-02-04 18:06:28,0 days 00:03:00,0.00037225178459616385,0.00012221595739706046,1.4299029793481409e-08,0.03641170848981569,3,1,[69065],0.12999792873680618,COMPLETE
67,67,0.022767051892869813,2023-02-04 18:06:28,2023-02-04 18:09:36,0 days 00:03:08,0.5475142109110976,0.6089143897768351,1.144636429585174e-06,10.038039299498255,3,1,[69065],0.13711328683593046,COMPLETE
68,68,0.02076040636051504,2023-02-04 18:09:36,2023-02-04 18:12:38,0 days 00:03:02,13.453079375483068,0.08448589647481138,1.2926308545869108e-07,0.04278197827491408,3,1,[69065],0.13977668692048204,COMPLETE
69,69,0.016965861773070776,2023-02-04 18:12:39,2023-02-04 18:15:37,0 days 00:02:58,0.008166266204362858,0.00029862652899056736,6.41190066407823e-08,0.8981552009913727,3,1,[69065],0.11554980777024383,COMPLETE
70,70,0.015032339378570727,2023-02-04 18:15:37,2023-02-04 18:18:45,0 days 00:03:08,0.07188420480495057,0.00010372885466050889,9.164387442146399e-05,8.451779945539446,3,1,[69065],0.10186910838528562,COMPLETE
71,71,0.025613307740235083,2023-02-04 18:18:45,2023-02-04 18:21:44,0 days 00:02:59,0.0003566294389717768,1.1720487038616762e-05,1.346715242006158e-06,0.0003892946521911641,3,1,[69065],0.1699867614056941,COMPLETE
72,72,0.0214171728922561,2023-02-04 18:21:44,2023-02-04 18:24:48,0 days 00:03:04,10.95080315966853,0.0006736499982783555,5.254641076668004e-06,0.2303923497545873,3,1,[69065],0.12875834539972922,COMPLETE
73,73,0.018425006196419243,2023-02-04 18:24:48,2023-02-04 18:27:48,0 days 00:03:00,21.333620789974802,9.024908149385545e-06,1.5833369350734875e-05,0.020460322239144194,3,1,[69065],0.1143817902302744,COMPLETE
74,74,0.021380719139226623,2023-02-04 18:27:48,2023-02-04 18:30:48,0 days 00:03:00,20.591246487213933,0.0003572089269461245,2.253239934871626e-06,0.0001512395336986973,3,1,[69065],0.12328546666853547,COMPLETE
75,75,0.0185346549645687,2023-02-04 18:30:48,2023-02-04 18:33:56,0 days 00:03:08,0.855138202072122,2.1977689597452082e-05,4.006977114667818e-06,1.357157855142969,3,1,[69065],0.11751980787686178,COMPLETE
76,76,0.021125015768075062,2023-02-04 18:33:56,2023-02-04 18:36:55,0 days 00:02:59,75.03478869227564,0.011458390299539557,1.5242080048345842e-05,0.8491997565177056,3,1,[69065],0.13901053517056416,COMPLETE
77,77,0.027035962471921447,2023-02-04 18:36:55,2023-02-04 18:39:55,0 days 00:03:00,0.00045209795039277706,0.001741879119428565,0.0006083851933521512,0.0009608653844040603,3,1,[69065],0.17600727302088046,COMPLETE
78,78,0.022949380555738242,2023-02-04 18:39:55,2023-02-04 18:42:56,0 days 00:03:01,0.00017743695296347026,0.12776572576158943,6.709915922726522e-08,0.0006549460574723494,3,1,[69065],0.14426424814044528,COMPLETE
79,79,0.02466459971610876,2023-02-04 18:42:56,2023-02-04 18:46:00,0 days 00:03:04,0.18154005330226528,1.1251863573922936e-06,0.000241125456638782,0.1745225514619104,3,1,[69065],0.14203866445811789,COMPLETE
80,80,0.021052455668798185,2023-02-04 18:46:00,2023-02-04 18:49:06,0 days 00:03:06,0.01110197129367617,0.008654624521784775,4.0576834932648646e-05,4.130413006539836,3,1,[69065],0.1376612551471609,COMPLETE
81,81,0.02196433857402454,2023-02-04 18:49:06,2023-02-04 18:52:13,0 days 00:03:07,0.4275656003690259,0.0023090550563784435,0.000741091942609126,0.23703069291116305,3,1,[69065],0.13733205727228415,COMPLETE
82,82,0.02192788482099506,2023-02-04 18:52:13,2023-02-04 18:55:14,0 days 00:03:01,27.216747348728134,0.0019407801538352685,1.8029015715412968e-06,82.12114297847623,3,1,[69065],0.13656582166555675,COMPLETE
83,83,0.02138046756879822,2023-02-04 18:55:14,2023-02-04 18:58:11,0 days 00:02:57,61.855825692756106,0.009603513235622143,0.003325752156148555,0.0001577549685863944,3,1,[69065],0.13875516722665046,COMPLETE
84,84,0.020614507491587664,2023-02-04 18:58:11,2023-02-04 19:01:14,0 days 00:03:03,0.00022142737385819915,0.007997014047683913,2.8518112198387537e-08,28.808582893918725,3,1,[69065],0.13678505930413465,COMPLETE
85,85,0.019410431523547652,2023-02-04 19:01:14,2023-02-04 19:04:17,0 days 00:03:03,1.5750114839794547,0.01534053515240137,9.47820791612897e-06,37.701853092675094,3,1,[69065],0.13850001491453257,COMPLETE
86,86,0.028677770985376213,2023-02-04 19:04:17,2023-02-04 19:07:19,0 days 00:03:02,0.002178840817028143,2.867129062979559e-06,0.0021753858368918845,0.09842796001568635,3,1,[69065],0.1816987664543532,COMPLETE
87,87,0.020577862065850838,2023-02-04 19:07:19,2023-02-04 19:10:29,0 days 00:03:10,1.656109795946029,0.009522227906113881,0.004096723039075078,0.007049747341036098,3,1,[69065],0.13784299681236306,COMPLETE
88,88,0.01864405216228976,2023-02-04 19:10:29,2023-02-04 19:13:27,0 days 00:02:58,92.17734525204304,1.1142916972328353e-05,1.0273585234794818e-08,0.0033220259955210954,3,1,[69065],0.11562223609453443,COMPLETE
89,89,0.021854857519494012,2023-02-04 19:13:27,2023-02-04 19:16:27,0 days 00:03:00,0.006887443976926432,0.0813463304749525,1.1667876552411067e-06,0.008708728692582709,3,1,[69065],0.14211150008691162,COMPLETE
90,90,0.020687403018102412,2023-02-04 19:16:27,2023-02-04 19:19:34,0 days 00:03:07,0.16233205310937326,0.0010961193967604544,6.108672904745179e-07,0.0004902668641113905,3,1,[69065],0.1314581752782219,COMPLETE
91,91,0.018607586429716074,2023-02-04 19:19:34,2023-02-04 19:22:40,0 days 00:03:06,0.004624979837189386,0.000952089879750703,2.461798724578776e-05,14.420800307373087,3,1,[69065],0.11908954745235227,COMPLETE
92,92,0.01864407612137818,2023-02-04 19:22:40,2023-02-04 19:25:42,0 days 00:03:02,29.402276131238896,5.1939167757793705e-05,6.257826893336424e-07,2.8545365436317924,3,1,[69065],0.11737419651699543,COMPLETE
93,93,0.016162825006531847,2023-02-04 19:25:42,2023-02-04 19:28:47,0 days 00:03:05,0.043710027773041685,1.1939933075981854e-06,1.3144460312910533e-06,0.5259413835229385,3,1,[69065],0.12083937551594398,COMPLETE
94,94,0.022803517625443498,2023-02-04 19:28:47,2023-02-04 19:31:46,0 days 00:02:59,0.0014724141654831584,0.12214330583292822,0.00023206670414504756,0.08773171003549796,3,1,[69065],0.14670878195228956,COMPLETE
95,95,0.016491711413259176,2023-02-04 19:31:46,2023-02-04 19:34:53,0 days 00:03:07,0.2192557670620829,0.000176499011325447,3.3225846157413206e-06,3.648413159709972,3,1,[69065],0.10478693002975838,COMPLETE
96,96,0.02159953749375716,2023-02-04 19:34:53,2023-02-04 19:38:03,0 days 00:03:10,0.5854544649448579,0.0028565606314741687,8.556431018347856e-08,0.8600735051510924,3,1,[69065],0.13693077847989887,COMPLETE
97,97,0.015324412645942295,2023-02-04 19:38:03,2023-02-04 19:41:03,0 days 00:03:00,0.05875052034284496,0.00013013132727216666,0.0012584491503438162,39.59044277039657,3,1,[69065],0.10380245108662252,COMPLETE
98,98,0.02108855003550138,2023-02-04 19:41:03,2023-02-04 19:44:11,0 days 00:03:08,0.01704034544275183,0.061258680981025555,0.0007342324806956684,2.2860981882268923,3,1,[69065],0.13809884393804514,COMPLETE
99,99,0.02003073232271502,2023-02-04 19:44:11,2023-02-04 19:47:20,0 days 00:03:09,0.21612218579813686,0.6568513475783665,2.132117223130628e-08,0.07451836219179517,3,1,[69065],0.1414186032498347,COMPLETE
100,100,0.015104971355112864,2023-02-04 19:47:20,2023-02-04 19:50:24,0 days 00:03:04,0.007309772734753541,1.0176501779480499e-05,6.310797392242294e-07,13.1337657123109,3,1,[69065],0.08501145783505916,COMPLETE
101,101,0.017293777836717136,2023-02-04 19:50:24,2023-02-04 19:53:31,0 days 00:03:07,0.27363878197115504,7.861293552667427e-06,1.5769644300307966e-07,10.022616623032112,3,1,[69065],0.10234251601335624,COMPLETE
102,102,0.02816698717937199,2023-02-04 19:53:31,2023-02-04 19:56:31,0 days 00:03:00,0.00023022632359307723,0.0007826667177065888,0.0005480493987211287,0.0005775565176798966,3,1,[69065],0.18049487017947632,COMPLETE
103,103,0.022001019938393995,2023-02-04 19:56:31,2023-02-04 19:59:31,0 days 00:03:00,0.00881934521401701,0.001273088173434641,3.829097879323651e-06,0.005584875104079723,3,1,[69065],0.1420751781088684,COMPLETE
104,104,0.02046839299086452,2023-02-04 19:59:31,2023-02-04 20:02:38,0 days 00:03:07,0.006480102088803806,0.006333181419452757,1.2340434386851324e-05,6.178310988451054,3,1,[69065],0.13641962330802415,COMPLETE
105,105,0.02229278173761612,2023-02-04 20:02:38,2023-02-04 20:05:45,0 days 00:03:07,0.21227375713982527,0.002221231591179682,1.160008985669527e-06,0.00023565858232353396,3,1,[69065],0.13426742631352406,COMPLETE
106,106,0.026707986510554036,2023-02-04 20:05:45,2023-02-04 20:08:46,0 days 00:03:01,0.00026455213621944104,3.1228950532009937e-06,3.3134433932455816e-07,0.013184836979247704,3,1,[69065],0.17432892689758675,COMPLETE
107,107,0.019155099518266588,2023-02-04 20:08:46,2023-02-04 20:11:52,0 days 00:03:06,2.9788718101191844,0.00010426061946143008,0.007404238384079111,0.0021277167810789086,3,1,[69065],0.12157009177409023,COMPLETE
108,108,0.021745460321772953,2023-02-04 20:11:52,2023-02-04 20:14:55,0 days 00:03:03,0.0015485611277589002,0.03839373475994541,2.502965218707832e-06,0.0003090821675098762,3,1,[69065],0.14466541911693268,COMPLETE
109,109,0.027619833477147762,2023-02-04 20:14:55,2023-02-04 20:17:56,0 days 00:03:01,0.00011853208293187332,4.497066334863017e-05,4.468998224664436e-06,0.0006403690125456487,3,1,[69065],0.17929081817052472,COMPLETE
110,110,0.020760238646896106,2023-02-04 20:17:56,2023-02-04 20:20:58,0 days 00:03:02,0.008419809891514304,0.575109610676197,4.517851517180573e-05,0.019948224438370007,3,1,[69065],0.14065212805222316,COMPLETE
111,111,0.022329355286087687,2023-02-04 20:20:58,2023-02-04 20:23:57,0 days 00:02:59,24.863708816718333,0.0011971542425226749,2.983300812441336e-08,0.010140080322182256,3,1,[69065],0.13226092453569982,COMPLETE
112,112,0.019629034246282418,2023-02-04 20:23:57,2023-02-04 20:27:06,0 days 00:03:09,1.82607176390834,2.2873717818290237e-05,0.0057453287803510035,0.25188039216746266,3,1,[69065],0.126130021420623,COMPLETE
113,113,0.02149015227558031,2023-02-04 20:27:06,2023-02-04 20:30:07,0 days 00:03:01,0.00563033304593679,0.0009408589940493228,3.730390718423255e-05,0.11403432428708601,3,1,[69065],0.14192950685128103,COMPLETE
114,114,0.020906269290809784,2023-02-04 20:30:07,2023-02-04 20:33:16,0 days 00:03:09,1.3297922861509892,0.026257828733654533,1.3469807898921013e-07,0.056925624593244885,3,1,[69065],0.1364562926928494,COMPLETE
115,115,0.01214959383954335,2023-02-04 20:33:16,2023-02-04 20:36:26,0 days 00:03:10,2.0932738333954353,1.511761325450767e-05,3.8097087988724154e-05,8.749972478540471,3,1,[69065],0.10230524765132053,COMPLETE
116,116,0.018133064704033978,2023-02-04 20:36:26,2023-02-04 20:39:32,0 days 00:03:06,6.218880687706955,2.5979836748345416e-05,0.00022342187581650538,0.0021011981082246583,3,1,[69065],0.11613355898002807,COMPLETE
117,117,0.02159969322783188,2023-02-04 20:39:32,2023-02-04 20:42:40,0 days 00:03:08,3.890921659197928,0.552012122755997,7.152805105230478e-07,0.02242150526136661,3,1,[69065],0.1408713297521684,COMPLETE
118,118,0.0199212512681845,2023-02-04 20:42:40,2023-02-04 20:45:49,0 days 00:03:09,0.2892983930522053,0.6976048971830676,4.111978836942514e-07,0.003004494133597693,3,1,[69065],0.14152798846801154,COMPLETE
119,119,0.020359211424939228,2023-02-04 20:45:49,2023-02-04 20:48:58,0 days 00:03:09,1.69924570216027,0.00032823470734093696,7.634980431953924e-08,0.00016324643533594893,3,1,[69065],0.12452575679872076,COMPLETE
120,120,0.017731678095750818,2023-02-04 20:48:58,2023-02-04 20:51:58,0 days 00:03:00,22.924504708134634,6.673642480512935e-06,1.6723560762120612e-05,0.06353109515229072,3,1,[69065],0.1130684009213228,COMPLETE
121,121,0.028604791602052,2023-02-04 20:51:58,2023-02-04 20:55:00,0 days 00:03:02,0.00038432321959494574,4.068940273540494e-05,0.00047893749682320044,0.00033682734297854535,3,1,[69065],0.1816258230096616,COMPLETE
122,122,0.019008769385747668,2023-02-04 20:55:00,2023-02-04 20:57:59,0 days 00:02:59,61.68872216396241,1.5124103154512654e-06,1.1497949016241481e-08,0.012191662824830118,3,1,[69065],0.11591454895279019,COMPLETE
123,123,0.021818667316437144,2023-02-04 20:57:59,2023-02-04 21:01:01,0 days 00:03:02,0.0032858125983798612,0.0018953296852608336,1.7318244615806715e-05,0.0012020110072018346,3,1,[69065],0.14404529801092847,COMPLETE
124,124,0.016016878219427634,2023-02-04 21:01:01,2023-02-04 21:04:12,0 days 00:03:11,2.3926254597800805,1.1327779580639439e-06,6.743087369573885e-06,0.006101204073583322,3,1,[69065],0.1111346988336596,COMPLETE
125,125,0.02123479631121083,2023-02-04 21:04:12,2023-02-04 21:07:12,0 days 00:03:00,34.02742869578244,0.1888285310568006,9.157528151994884e-06,0.013702929666605489,3,1,[69065],0.13999557715227787,COMPLETE
126,126,0.021927968677804527,2023-02-04 21:07:12,2023-02-04 21:10:15,0 days 00:03:03,6.890304616755609,0.0022290606698126547,0.005824487445099765,0.0004000272189150434,3,1,[69065],0.13466876500363043,COMPLETE
127,127,0.022219766415659273,2023-02-04 21:10:15,2023-02-04 21:13:16,0 days 00:03:01,0.00010001839857340811,0.03499057513270267,3.073236599879119e-07,0.001997780114058548,3,1,[69065],0.14510316364189166,COMPLETE
128,128,0.017002039996583434,2023-02-04 21:13:16,2023-02-04 21:16:17,0 days 00:03:01,0.006830329714556799,2.3076535038162047e-06,0.0001770528976414743,3.868864441338812,3,1,[69065],0.10427704468956987,COMPLETE
129,129,0.02156325145434661,2023-02-04 21:16:17,2023-02-04 21:19:20,0 days 00:03:03,0.01159309131622832,0.0019800923585860837,0.00042975296571493276,0.03211025615106847,3,1,[69065],0.14338849554055474,COMPLETE
130,130,0.020724108341560285,2023-02-04 21:19:20,2023-02-04 21:22:29,0 days 00:03:09,0.01724120529447428,0.005872368224881196,0.0004731058699011899,5.316672827443496,3,1,[69065],0.1355083633390967,COMPLETE
131,131,0.021563059781639263,2023-02-04 21:22:29,2023-02-04 21:25:30,0 days 00:03:01,0.0353670739347464,5.822032878133008e-05,0.002932723891326626,0.00028022598221142655,3,1,[69065],0.14980955519592964,COMPLETE
132,132,0.022548185620162434,2023-02-04 21:25:30,2023-02-04 21:28:31,0 days 00:03:01,0.006128920814802903,0.011642865693732359,0.00017916307166149082,0.000845463851956882,3,1,[69065],0.14605187166601796,COMPLETE
133,133,0.013208178243159112,2023-02-04 21:28:31,2023-02-04 21:31:35,0 days 00:03:04,0.0014250125200382716,3.538320164419644e-06,2.8970907674569456e-07,7.597601523429023,3,1,[69065],0.09242015903324119,COMPLETE
134,134,0.022438848320162425,2023-02-04 21:31:36,2023-02-04 21:34:37,0 days 00:03:01,0.00023156345686037977,9.343706037242246e-06,2.3507289482971684e-08,0.0008114120579838804,3,1,[69065],0.14824088179987382,COMPLETE
135,135,0.01900906887435291,2023-02-04 21:34:37,2023-02-04 21:37:48,0 days 00:03:11,3.4244795451708647,0.00023539123132355474,0.002156463264089823,3.4735380877612103,3,1,[69065],0.12149757959299019,COMPLETE
136,136,0.018205732619208746,2023-02-04 21:37:48,2023-02-04 21:40:56,0 days 00:03:08,0.8856505135704926,2.255761779413716e-06,4.970109044504437e-07,64.2790529422048,3,1,[69065],0.09566570506865298,COMPLETE
137,137,0.016783413314760246,2023-02-04 21:40:56,2023-02-04 21:44:01,0 days 00:03:05,0.0027373107525033363,0.0003129812647706655,0.00016243410222224297,2.0589673692817025,3,1,[69065],0.10847121489229851,COMPLETE
138,138,0.020942723043839262,2023-02-04 21:44:01,2023-02-04 21:47:09,0 days 00:03:08,0.010552381983672766,0.3759890209543917,5.19368712061081e-06,7.9793471433113545,3,1,[69065],0.13846357314104726,COMPLETE
139,139,0.015980436445942367,2023-02-04 21:47:09,2023-02-04 21:50:10,0 days 00:03:01,27.071997703111986,1.8335497064130933e-06,0.00010354443836287914,0.003074890140264809,3,1,[69065],0.11686277779514813,COMPLETE
140,140,0.01667370464888974,2023-02-04 21:50:10,2023-02-04 21:53:16,0 days 00:03:06,0.6973417586586043,5.344894087830829e-06,0.0003714976556255475,30.574467718378337,3,1,[69065],0.11171987560920475,COMPLETE
141,141,0.021599633330110835,2023-02-04 21:53:16,2023-02-04 21:56:22,0 days 00:03:06,8.973637043510967,0.0004085190403142367,2.4820433101169313e-07,0.000945666636450583,3,1,[69065],0.12438009752067758,COMPLETE
142,142,0.016783509151113922,2023-02-04 21:56:22,2023-02-04 21:59:28,0 days 00:03:06,3.593630944384828,0.0006674346999702007,3.405384643523335e-07,22.215117895560475,3,1,[69065],0.11376207642877328,COMPLETE
143,143,0.028203500830122515,2023-02-04 21:59:28,2023-02-04 22:02:30,0 days 00:03:02,0.0001077375017367708,0.0018449377438358144,0.0003409686868215718,0.0358791587767917,3,1,[69065],0.18184473720054584,COMPLETE
144,144,0.028604791602052,2023-02-04 22:02:30,2023-02-04 22:05:33,0 days 00:03:03,0.0007589286417071916,0.00011789737606915318,0.005557329158123363,0.019958635698199882,3,1,[69065],0.18188123887175214,COMPLETE
145,145,0.018096586991916085,2023-02-04 22:05:33,2023-02-04 22:08:32,0 days 00:02:59,95.97373094459535,6.816543018784425e-06,1.2181306554891774e-06,11.66869909005238,3,1,[69065],0.1144183997173786,COMPLETE
146,146,0.02853181221872779,2023-02-04 22:08:32,2023-02-04 22:11:35,0 days 00:03:03,0.0001880218455570774,0.0006765311017031055,0.0014922132183164227,0.002095353795691867,3,1,[69065],0.18188123887175214,COMPLETE
147,147,0.020176643171186608,2023-02-04 22:11:35,2023-02-04 22:14:36,0 days 00:03:01,74.23179381721036,0.03647583523424135,0.0008634311118017945,0.030975304357968584,3,1,[69065],0.13711320297912097,COMPLETE
148,148,0.02203746171187926,2023-02-04 22:14:36,2023-02-04 22:17:40,0 days 00:03:04,0.01836373422529362,0.0221521986472582,1.9821727210729578e-08,46.709570564182606,3,1,[69065],0.13751436197606415,COMPLETE
149,149,0.021344205488476098,2023-02-04 22:17:40,2023-02-04 22:20:46,0 days 00:03:06,14.115906770825948,0.0005019957359961063,2.3240153346790814e-08,0.01317011455258279,3,1,[69065],0.126678648606785,COMPLETE
150,150,0.022365761120940325,2023-02-04 22:20:46,2023-02-04 22:23:53,0 days 00:03:07,0.1863583379132016,0.0029333816708974193,3.9801068004308563e-07,0.031377371999218744,3,1,[69065],0.13353758456210515,COMPLETE
151,151,0.01999426659014134,2023-02-04 22:23:53,2023-02-04 22:27:01,0 days 00:03:08,0.009719536940552019,0.0008763882817135393,7.851196917016878e-08,4.3455715885085615,3,1,[69065],0.11799497649793118,COMPLETE
152,152,0.021271286002872935,2023-02-04 22:27:02,2023-02-04 22:30:13,0 days 00:03:11,1.1708895414870861,0.4333918057569013,2.36778157366452e-05,0.7265373401599311,3,1,[69065],0.14098075090897788,COMPLETE
153,153,0.01973846738263611,2023-02-04 22:30:13,2023-02-04 22:33:15,0 days 00:03:02,24.5101272800215,0.09404177991219391,1.1108488188049323e-05,32.22044179731018,3,1,[69065],0.13674794667617363,COMPLETE
154,154,0.01736711660636763,2023-02-04 22:33:15,2023-02-04 22:36:22,0 days 00:03:07,0.08021040820928951,9.903117246810364e-05,3.269311307254814e-08,0.0017106191220665973,3,1,[69065],0.11555035882927749,COMPLETE
155,155,0.018133220438108704,2023-02-04 22:36:22,2023-02-04 22:39:30,0 days 00:03:08,0.26119880312869986,6.236307964684448e-05,4.0716378689664205e-08,0.00016474732550778956,3,1,[69065],0.1155497718316112,COMPLETE
156,156,0.02718192123856987,2023-02-04 22:39:30,2023-02-04 22:42:33,0 days 00:03:03,0.0012054999154623013,0.0019349517702419005,0.0029468005263059926,0.0005933484616565928,3,1,[69065],0.17531406471565414,COMPLETE
157,157,0.02353363490637926,2023-02-04 22:42:33,2023-02-04 22:45:39,0 days 00:03:06,0.06876190788169895,1.1093281689205871e-05,0.0030564994287290534,0.0016165032717886533,3,1,[69065],0.1507946570753644,COMPLETE
158,158,0.02236586893683821,2023-02-04 22:45:39,2023-02-04 22:48:50,0 days 00:03:11,0.0007978370703647414,0.39716280095179274,5.676152096896404e-06,3.1373639462564706,3,1,[69065],0.1397403889015273,COMPLETE
159,159,0.017622364754839227,2023-02-04 22:48:50,2023-02-04 22:51:58,0 days 00:03:08,0.07633533768640421,7.567139392354748e-06,1.199777022196383e-06,0.042744761760156715,3,1,[69065],0.11157244335861856,COMPLETE
160,160,0.01889949198346871,2023-02-04 22:51:58,2023-02-04 22:55:04,0 days 00:03:06,0.005229375332291403,0.0014277759649570713,7.703695703541257e-08,4.392904130881547,3,1,[69065],0.12127847372939864,COMPLETE
161,161,0.02386182649954244,2023-02-04 22:55:04,2023-02-04 22:58:07,0 days 00:03:03,0.0012426547239985642,0.0019637442932621345,0.00014406053300805016,0.0010734909498744845,3,1,[69065],0.15615894123829913,COMPLETE
162,162,0.011565267611637073,2023-02-04 22:58:07,2023-02-04 23:01:13,0 days 00:03:06,0.009702053825192137,1.2758464355995303e-05,0.004379644067661459,3.782054709123672,3,1,[69065],0.09245340226842254,COMPLETE
163,163,0.026707890674200364,2023-02-04 23:01:13,2023-02-04 23:04:24,0 days 00:03:11,1.1503948455493538,1.7301464292480709e-06,0.0038745273397910074,0.00012681755424835014,3,1,[69065],0.14904397846413375,COMPLETE
164,164,0.02039561725979187,2023-02-04 23:04:24,2023-02-04 23:07:23,0 days 00:02:59,49.25140333161424,0.08474638121310826,1.1254636711760038e-05,0.015689658537724208,3,1,[69065],0.1401781454060305,COMPLETE
165,165,0.019519948516710805,2023-02-04 23:07:23,2023-02-04 23:10:22,0 days 00:02:59,58.26278322541572,0.0001331079916678436,8.192211630156494e-07,1.8505915671136708,3,1,[69065],0.11978246824851757,COMPLETE
166,166,0.01853441537368451,2023-02-04 23:10:22,2023-02-04 23:13:34,0 days 00:03:12,1.674618742690859,1.9458981229145017e-05,0.005770879429277671,0.49120606298173963,3,1,[69065],0.12602046848882723,COMPLETE
167,167,0.02123458067941506,2023-02-04 23:13:34,2023-02-04 23:16:37,0 days 00:03:03,21.549166339453382,0.013908310293579394,4.0728877175989383e-07,0.0046856906229157756,3,1,[69065],0.13835362488429256,COMPLETE
168,168,0.02021319276056976,2023-02-04 23:16:37,2023-02-04 23:19:38,0 days 00:03:01,0.0007627298858529591,0.00028601995629635464,1.8034509861175642e-07,0.00010919160619388105,3,1,[69065],0.13543456934676626,COMPLETE
169,169,0.021161792968798204,2023-02-04 23:19:38,2023-02-04 23:22:45,0 days 00:03:07,0.04191332903504612,0.16533404621476913,7.23928973020706e-08,0.6404401224267657,3,1,[69065],0.14185640767251473,COMPLETE
170,170,0.022183384539895056,2023-02-04 23:22:45,2023-02-04 23:25:52,0 days 00:03:07,0.055064819847060235,0.20891944165722032,0.003049793452665116,0.00013885313704509463,3,1,[69065],0.14094416538096208,COMPLETE
171,171,0.01853422370097716,2023-02-04 23:25:52,2023-02-04 23:28:53,0 days 00:03:01,0.03229502331817697,1.1904248411287125e-06,9.652682764312345e-08,0.006463181816793147,3,1,[69065],0.1135064688939754,COMPLETE
172,172,0.021709006568743475,2023-02-04 23:28:53,2023-02-04 23:31:58,0 days 00:03:05,0.006039484853564672,0.5400497612699947,0.007873314562192164,0.00030059498173903973,3,1,[69065],0.145796431844839,COMPLETE
173,173,0.016199805859506543,2023-02-04 23:31:58,2023-02-04 23:35:07,0 days 00:03:09,0.10427862084967586,0.00035481578032322175,0.00039573738280003067,6.891484081907952,3,1,[69065],0.10292638701858255,COMPLETE
174,174,0.020796884072632933,2023-02-04 23:35:08,2023-02-04 23:38:08,0 days 00:03:00,43.361624268825466,0.10009395568663414,1.3887236001958318e-05,0.024691370357562546,3,1,[69065],0.13988607213865892,COMPLETE
175,175,0.02039541360754031,2023-02-04 23:38:08,2023-02-04 23:41:18,0 days 00:03:10,0.5999623409123542,0.050257496123438425,0.00018766189748416887,23.85397303421699,3,1,[69065],0.1392662265621715,COMPLETE
176,176,0.026452319078035108,2023-02-04 23:41:18,2023-02-04 23:44:21,0 days 00:03:03,0.0002863388173015746,2.0584277120909067e-05,8.516513491171248e-07,0.00801113918921463,3,1,[69065],0.16790695679685197,COMPLETE
177,177,0.01995781283711186,2023-02-04 23:44:21,2023-02-04 23:47:21,0 days 00:03:00,63.60269549892557,0.00017947538580223408,1.101410718075773e-08,0.002969210894158317,3,1,[69065],0.12022048830299333,COMPLETE
178,178,0.02178193803389085,2023-02-04 23:47:21,2023-02-04 23:50:27,0 days 00:03:06,0.03504152268335539,4.7046249196247835e-05,0.0027377563855259346,0.00016518205708271783,3,1,[69065],0.1505393130905391,COMPLETE
179,179,0.023350863000375078,2023-02-04 23:50:27,2023-02-04 23:53:40,0 days 00:03:13,0.004540389089284502,0.3316179257752067,0.004020378379314639,6.130400404375237,3,1,[69065],0.14036051000753155,COMPLETE
180,180,0.028568313889934107,2023-02-04 23:53:40,2023-02-04 23:56:45,0 days 00:03:05,0.000160172285108359,6.167690920462772e-06,2.756062333183344e-06,0.09797129130344363,3,1,[69065],0.1813704071475711,COMPLETE
181,181,0.011967301115307546,2023-02-04 23:56:45,2023-02-04 23:59:55,0 days 00:03:10,0.3865535389012967,2.0225602909492642e-05,1.7009512709157564e-07,9.771374531694981,3,1,[69065],0.08464665675479179,COMPLETE
182,182,0.021745520219494,2023-02-04 23:59:55,2023-02-05 00:02:56,0 days 00:03:01,0.002263595035951979,0.5166716157842214,0.00015014513636034854,0.003417401703060419,3,1,[69065],0.14506680572521585,COMPLETE
183,183,0.021307775694535038,2023-02-05 00:02:56,2023-02-05 00:06:05,0 days 00:03:09,0.03828333455401164,0.3974541280762326,0.007913641976397785,2.9429925494659233,3,1,[69065],0.14087136569080103,COMPLETE
184,184,0.009887664220084353,2023-02-05 00:06:05,2023-02-05 00:09:13,0 days 00:03:08,0.048114573673487086,9.278936582114796e-06,0.0024521322878272005,2.7592875769093332,3,1,[69065],0.09913180649250565,COMPLETE
185,185,0.025358059591763488,2023-02-05 00:09:13,2023-02-05 00:12:18,0 days 00:03:05,0.0002292254673041196,1.2014160324924874e-05,1.8611783133640008e-07,0.08545883998902767,3,1,[69065],0.1621419808391982,COMPLETE
186,186,0.026780929955245617,2023-02-05 00:12:18,2023-02-05 00:15:21,0 days 00:03:03,0.0012652562581631844,4.146326883152889e-06,2.455178711497144e-05,0.008353658421515156,3,1,[69065],0.17691932363972573,COMPLETE
187,187,0.0210885739945898,2023-02-05 00:15:21,2023-02-05 00:18:32,0 days 00:03:11,1.184033633189161,0.0031232393502568095,9.002401147438618e-05,0.17514564091185716,3,1,[69065],0.1350700557755599,COMPLETE
188,188,0.02214672713461402,2023-02-05 00:18:33,2023-02-05 00:21:43,0 days 00:03:10,0.002222759466023809,0.2844926158797756,6.7886006080324034e-06,15.436026619603904,3,1,[69065],0.13966726576367258,COMPLETE
189,189,0.010617601807856975,2023-02-05 00:21:43,2023-02-05 00:24:52,0 days 00:03:09,0.17745782349080694,2.293659555053195e-06,0.005310338017091862,55.353948573287,3,1,[69065],0.09012209910844637,COMPLETE
190,190,0.021125291297591886,2023-02-05 00:24:52,2023-02-05 00:27:56,0 days 00:03:04,0.0001767579035619448,0.3056947908685863,4.008260250517891e-06,0.8991823807757241,3,1,[69065],0.14539526086835164,COMPLETE
191,191,0.015980436445942367,2023-02-05 00:27:56,2023-02-05 00:31:00,0 days 00:03:04,22.97890216775859,3.0841952301820603e-06,0.00026314393907096495,0.0026036523525273954,3,1,[69065],0.1178114379010976,COMPLETE
192,192,0.021307572042283476,2023-02-05 00:31:00,2023-02-05 00:34:07,0 days 00:03:07,0.008312700142929135,0.0028580359767324507,0.0015912806824871042,1.4136333943579302,3,1,[69065],0.13631022611030308,COMPLETE
193,193,0.021416993199092956,2023-02-05 00:34:07,2023-02-05 00:37:09,0 days 00:03:02,0.011380074851496936,0.06828752937365012,1.8699145791389478e-06,0.15945563414127412,3,1,[69065],0.14039667625149999,COMPLETE
194,194,0.021161493480192962,2023-02-05 00:37:09,2023-02-05 00:40:13,0 days 00:03:04,0.024286759473595307,0.022153735011377115,3.792306579890482e-07,0.00532708615082361,3,1,[69065],0.1403237567658968,COMPLETE
195,195,0.015104468214256062,2023-02-05 00:40:13,2023-02-05 00:43:23,0 days 00:03:10,1.3325410038260899,1.1435941895054605e-06,5.635460014527251e-08,31.597578711338645,3,1,[69065],0.10329147560791097,COMPLETE
196,196,0.015615862977014968,2023-02-05 00:43:23,2023-02-05 00:46:27,0 days 00:03:04,0.00014301252762721853,0.00026797234138201733,1.8344431554245345e-08,33.595071353754975,3,1,[69065],0.10982224392915634,COMPLETE
197,197,0.02083334980520662,2023-02-05 00:46:27,2023-02-05 00:49:33,0 days 00:03:06,0.016388242151091064,0.00033680990706790005,5.834629799747656e-05,0.12660442044063494,3,1,[69065],0.1371863261169757,COMPLETE
198,198,0.021490092377859264,2023-02-05 00:49:33,2023-02-05 00:52:39,0 days 00:03:06,0.0002014399088603949,0.03006871789072433,1.2585156793986556e-08,0.05009882067760841,3,1,[69065],0.14171005358090738,COMPLETE
199,199,0.028604791602052,2023-02-05 00:52:39,2023-02-05 00:55:44,0 days 00:03:05,0.0005113571185700453,3.454950163411601e-05,0.0022725673707424962,0.2336806951010358,3,1,[69065],0.18195419429598791,COMPLETE
200,200,0.02112548297029924,2023-02-05 00:55:44,2023-02-05 00:58:52,0 days 00:03:08,0.0008602811988214534,0.4297272571286006,1.5965161792000951e-07,1.658399754318487,3,1,[69065],0.14036077355750418,COMPLETE
201,201,0.021563107699816102,2023-02-05 00:58:52,2023-02-05 01:01:57,0 days 00:03:05,14.84559864754442,0.10459874593254094,0.0003730940552903978,7.566889756336316,3,1,[69065],0.13922938946372732,COMPLETE
202,202,0.018059737913927693,2023-02-05 01:01:58,2023-02-05 01:05:02,0 days 00:03:04,0.001170152969215,4.11981033167412e-05,0.0002837602127209988,1.124888286544663,3,1,[69065],0.10894713822465311,COMPLETE
203,203,0.028604791602052,2023-02-05 01:05:02,2023-02-05 01:08:07,0 days 00:03:05,0.00020496930069811368,5.00884406311489e-05,8.921110694541702e-05,0.004409927320230586,3,1,[69065],0.18162577509148478,COMPLETE
204,204,0.016236175755726553,2023-02-05 01:08:07,2023-02-05 01:11:17,0 days 00:03:10,0.005427537868986855,3.1490010498026485e-05,2.16542343507296e-08,6.2561516192323365,3,1,[69065],0.10507915903120468,COMPLETE
205,205,0.0198116743773003,2023-02-05 01:11:17,2023-02-05 01:14:21,0 days 00:03:04,0.013022449011085836,1.0644681592970988e-05,1.6353486943784323e-07,0.0015294260848308762,3,1,[69065],0.11642486555657022,COMPLETE
206,206,0.022037449732335054,2023-02-05 01:14:21,2023-02-05 01:17:32,0 days 00:03:11,0.424275303320151,0.002184000621031699,2.0192935738549133e-08,0.00035870799679377767,3,1,[69065],0.13565399865805144,COMPLETE
207,207,0.022037497650511894,2023-02-05 01:17:33,2023-02-05 01:20:45,0 days 00:03:12,1.6520964625826047,0.3938645884687191,0.00991477925551387,0.007893954058426012,3,1,[69065],0.14101722862109578,COMPLETE
208,208,0.02203754556868873,2023-02-05 01:20:45,2023-02-05 01:23:50,0 days 00:03:05,0.010112837282822043,0.004754203436527142,6.1917782867454305e-06,0.00040285619068369365,3,1,[69065],0.14225756666945788,COMPLETE
209,209,0.024518988356242416,2023-02-05 01:23:50,2023-02-05 01:26:55,0 days 00:03:05,0.0007472277664118571,1.0801963600233624e-06,2.0720825019597017e-07,0.0035226703158113995,3,1,[69065],0.1701696770662288,COMPLETE
210,210,0.020468512786306615,2023-02-05 01:26:55,2023-02-05 01:30:06,0 days 00:03:11,0.00038867932137078725,0.8847927488355051,2.508318248550723e-07,2.9045592841707846,3,1,[69065],0.14032378072498522,COMPLETE
211,211,0.02378863148442246,2023-02-05 01:30:06,2023-02-05 01:33:09,0 days 00:03:03,0.001205949209344182,0.02197427200066839,0.0035323465100844166,0.0002763006461247406,3,1,[69065],0.16123007397488345,COMPLETE
212,212,0.024664527838843504,2023-02-05 01:33:09,2023-02-05 01:36:14,0 days 00:03:05,0.00030627272014663456,0.0006526040133178332,1.0267991821608568e-05,0.0001560498011139704,3,1,[69065],0.16768848584910348,COMPLETE
213,213,0.022219682558849808,2023-02-05 01:36:14,2023-02-05 01:39:21,0 days 00:03:07,0.0012135577179712693,0.023226587876944642,2.6204039629823195e-05,0.046434083457029436,3,1,[69065],0.14572345246151483,COMPLETE
214,214,0.011237507282065436,2023-02-05 01:39:21,2023-02-05 01:42:31,0 days 00:03:10,0.014971125086952258,8.822691016387436e-06,4.378765254107367e-06,6.304430534077115,3,1,[69065],0.08960969806397388,COMPLETE
215,215,0.011346880520698077,2023-02-05 01:42:31,2023-02-05 01:45:39,0 days 00:03:08,10.843125385269888,1.5079781691301117e-05,0.008306255294804051,51.23876162573718,3,1,[69065],0.09967994251735506,COMPLETE
216,216,0.017585827145000284,2023-02-05 01:45:39,2023-02-05 01:48:46,0 days 00:03:07,0.1542657063969058,1.550270032110915e-05,0.0001327640910126854,0.00354792357482383,3,1,[69065],0.12430565663295982,COMPLETE
217,217,0.021708838855124545,2023-02-05 01:48:46,2023-02-05 01:51:55,0 days 00:03:09,0.00014187614474399593,0.25522076453275877,0.00032831410203663106,1.1624166154790372,3,1,[69065],0.1553928493861023,COMPLETE
218,218,0.021745472301317164,2023-02-05 01:51:55,2023-02-05 01:55:02,0 days 00:03:07,0.10021926120592804,0.053701221023491376,2.179911090247673e-06,41.14838721586423,3,1,[69065],0.1403602105189263,COMPLETE
219,219,0.021453482890755063,2023-02-05 01:55:02,2023-02-05 01:58:07,0 days 00:03:05,1.6334947178883077,0.003289267310258052,9.023231508277179e-06,57.86789799121557,3,1,[69065],0.13368359124693038,COMPLETE
220,220,0.01733073473060341,2023-02-05 01:58:07,2023-02-05 02:01:15,0 days 00:03:08,0.021252622372229617,5.715391049885351e-06,3.7071578961509226e-08,0.1233874135093376,3,1,[69065],0.1119745487395543,COMPLETE
221,221,0.015177112170342412,2023-02-05 02:01:15,2023-02-05 02:04:30,0 days 00:03:15,3.2460032990414405,1.296093871108159e-06,0.0006774920205448732,38.81196595517843,3,1,[69065],0.11478312892038071,COMPLETE
222,222,0.01926453265462028,2023-02-05 02:04:30,2023-02-05 02:07:36,0 days 00:03:06,0.009497273894026579,0.0004915263221124267,3.4670934821515655e-08,0.0004472957478341472,3,1,[69065],0.13510647358995673,COMPLETE
223,223,0.020504930600703464,2023-02-05 02:07:36,2023-02-05 02:10:49,0 days 00:03:13,0.0005124792459669158,0.012302701838306845,4.4708702462303487e-08,3.667146838338897,3,1,[69065],0.13849991907817885,COMPLETE
224,224,0.02418977850182143,2023-02-05 02:10:49,2023-02-05 02:13:57,0 days 00:03:08,0.00012768219768507263,8.31523874201076e-05,2.2274804820388366e-07,0.001399804491724378,3,1,[69065],0.16349217130796137,COMPLETE
225,225,0.020431939237835043,2023-02-05 02:13:57,2023-02-05 02:17:07,0 days 00:03:10,0.008307287314786468,0.0015984583042644416,9.274126319341371e-06,1.178875819898545,3,1,[69065],0.13320923723486722,COMPLETE
226,226,0.02032262589692345,2023-02-05 02:17:07,2023-02-05 02:20:22,0 days 00:03:15,0.5654487535051101,0.0002772132809043766,5.836919991649984e-08,0.016089949108414162,3,1,[69065],0.12423381530633552,COMPLETE
227,227,0.01729413722304342,2023-02-05 02:20:22,2023-02-05 02:23:34,0 days 00:03:12,0.0753072114259092,0.00015546998148693124,3.76937244392316e-08,0.0003609490167216949,3,1,[69065],0.11806780014718067,COMPLETE
228,228,0.01846149588808135,2023-02-05 02:23:34,2023-02-05 02:26:44,0 days 00:03:10,6.709222560375091,1.2371287436000298e-06,2.3434275033679378e-08,0.007931184167195762,3,1,[69065],0.11664431882694387,COMPLETE
229,229,0.01919052303049405,2023-02-05 02:26:44,2023-02-05 02:29:59,0 days 00:03:15,0.12939594857855383,1.5400869182788708e-06,1.0332313438517917e-07,1.7490919368638975,3,1,[69065],0.10175768664459317,COMPLETE
230,230,0.021599489575580322,2023-02-05 02:29:59,2023-02-05 02:33:06,0 days 00:03:07,0.03245173986784921,0.009654798708272804,1.3537237667932517e-06,0.00031721927675214067,3,1,[69065],0.14057940023932733,COMPLETE
231,231,0.02211032129976138,2023-02-05 02:33:06,2023-02-05 02:36:21,0 days 00:03:15,0.13572730745955064,0.1577413331014398,0.002037114922368203,7.041365710300121,3,1,[69065],0.13984973818107152,COMPLETE
232,232,0.022292793717160326,2023-02-05 02:36:21,2023-02-05 02:39:29,0 days 00:03:08,0.0006129927348907743,0.0008381812332437424,2.3451008054010575e-06,0.23595075768624102,3,1,[69065],0.1458333767591811,COMPLETE
233,233,0.02050501445751293,2023-02-05 02:39:29,2023-02-05 02:42:37,0 days 00:03:08,1.0986603348418416,0.029644397011337906,0.007252292648827983,76.43204391481328,3,1,[69065],0.13963051252203787,COMPLETE
234,234,0.026634623781815126,2023-02-05 02:42:37,2023-02-05 02:45:42,0 days 00:03:05,0.00012402435702264344,0.41898616984129383,0.0016663067743637417,0.06453317565628101,3,1,[69065],0.17476615630214473,COMPLETE
235,235,0.016528081309479185,2023-02-05 02:45:42,2023-02-05 02:48:57,0 days 00:03:15,1.1173447912975973,3.625200933047135e-05,0.0006514612629379042,3.6432926823722815,3,1,[69065],0.10785152504988582,COMPLETE
236,236,0.021891443047509795,2023-02-05 02:48:57,2023-02-05 02:52:03,0 days 00:03:06,2.5799719914835855,0.06142340025581113,0.001046357389360124,97.1864917875979,3,1,[69065],0.1384996076100294,COMPLETE
237,237,0.01871692372971609,2023-02-05 02:52:03,2023-02-05 02:55:11,0 days 00:03:08,24.163300347571727,3.529337782948398e-05,0.0009095735024738237,26.64074976009238,3,1,[69065],0.11430978119003116,COMPLETE
238,238,0.024080692772249817,2023-02-05 02:55:11,2023-02-05 02:58:19,0 days 00:03:08,0.006101167206329705,0.0015679522908057643,0.004029318726781834,0.16624246526182798,3,1,[69065],0.15812915697671284,COMPLETE
239,239,0.02101572638625189,2023-02-05 02:58:19,2023-02-05 03:01:24,0 days 00:03:05,52.083240736936226,0.008319460615328872,6.577093486388191e-07,11.279388918764353,3,1,[69065],0.13740516843059467,COMPLETE
240,240,0.0253578200008793,2023-02-05 03:01:24,2023-02-05 03:04:32,0 days 00:03:08,0.002653716827797437,0.001094078574384077,0.0022328891351751,0.0006061402472162635,3,1,[69065],0.17035201770864142,COMPLETE
241,241,0.021234688495312945,2023-02-05 03:04:32,2023-02-05 03:07:46,0 days 00:03:14,7.519308330179577,0.12313701151293692,1.7466858373376988e-06,0.0002965673432247361,3,1,[69065],0.14036045010981046,COMPLETE
242,242,0.02776567244835409,2023-02-05 03:07:46,2023-02-05 03:10:52,0 days 00:03:06,0.00012717782900464043,0.0018497561680717177,0.0001330574848734287,0.001964959621003077,3,1,[69065],0.17834215806457523,COMPLETE
243,243,0.021745568137670836,2023-02-05 03:10:52,2023-02-05 03:14:10,0 days 00:03:18,0.8722550630936275,0.21801110350687966,0.001993731713509615,0.00467479191723377,3,1,[69065],0.13995920725605784,COMPLETE
244,244,0.028604791602052,2023-02-05 03:14:10,2023-02-05 03:17:15,0 days 00:03:05,0.0019887963712634385,2.3915188717473806e-06,0.003243969522476185,0.007092796254767713,3,1,[69065],0.18195419429598791,COMPLETE
245,245,0.02010362784922977,2023-02-05 03:17:15,2023-02-05 03:20:22,0 days 00:03:07,0.009078672178736346,0.000638149451798391,4.911932949473559e-08,0.015098057245180704,3,1,[69065],0.1356174131300357,COMPLETE
246,246,0.021855097110378207,2023-02-05 03:20:22,2023-02-05 03:23:31,0 days 00:03:09,0.0039898586570660585,0.0049904044099352155,1.102339938395059e-05,0.046930731544456074,3,1,[69065],0.1418193190036421,COMPLETE
247,247,0.018388492545668714,2023-02-05 03:23:31,2023-02-05 03:26:45,0 days 00:03:14,2.8024572096250515,1.2926283041167121e-05,3.077689829358765e-07,0.13113178146875643,3,1,[69065],0.11784811926546705,COMPLETE
248,248,0.014229913568786482,2023-02-05 03:26:45,2023-02-05 03:29:51,0 days 00:03:06,0.00013026909236594705,2.3419294635773594e-05,3.271008434578617e-08,1.1356036465511818,3,1,[69065],0.10489810020002244,COMPLETE
249,249,0.019264137329661365,2023-02-05 03:29:51,2023-02-05 03:33:04,0 days 00:03:13,9.842289475122268,2.3087487542256405e-05,9.749285524080185e-08,22.155743068835896,3,1,[69065],0.11230363879853317,COMPLETE
250,250,0.019665440081135056,2023-02-05 03:33:04,2023-02-05 03:36:14,0 days 00:03:10,0.03872978859107511,3.6104581220452027e-06,3.0169745344656053e-05,0.0014709744579850554,3,1,[69065],0.1349963695991273,COMPLETE
251,251,0.022220029965631886,2023-02-05 03:36:14,2023-02-05 03:39:32,0 days 00:03:18,0.02547296038451316,0.09628428734790702,8.512698565553027e-05,2.9569586696941874,3,1,[69065],0.13981338026439574,COMPLETE
252,252,0.018242821288081325,2023-02-05 03:39:32,2023-02-05 03:42:45,0 days 00:03:13,0.08172126152180934,1.3659305896575737e-05,3.564482394503793e-05,0.2105913811894241,3,1,[69065],0.12405044442312085,COMPLETE
253,253,0.01897245938724871,2023-02-05 03:42:45,2023-02-05 03:46:00,0 days 00:03:15,3.0079337962504926,5.925894454449351e-05,1.556683824537591e-08,0.3276345970403558,3,1,[69065],0.11886995042744809,COMPLETE
254,254,0.020103723685583445,2023-02-05 03:46:00,2023-02-05 03:49:14,0 days 00:03:14,0.0032593358938310625,0.005170962086427668,0.007416207726918486,2.252688763532113,3,1,[69065],0.13554440978762305,COMPLETE
255,255,0.02816698717937199,2023-02-05 03:49:14,2023-02-05 03:52:22,0 days 00:03:08,0.0007567865238176276,0.00014119128612713756,0.0013568899993413482,0.002024204623027336,3,1,[69065],0.17983794791366056,COMPLETE
256,256,0.028604791602052,2023-02-05 03:52:22,2023-02-05 03:55:28,0 days 00:03:06,0.00017493922204657298,1.4802726603513848e-06,0.004398588900077435,0.03814602984676,3,1,[69065],0.18195419429598791,COMPLETE
257,257,0.020468321113599263,2023-02-05 03:55:28,2023-02-05 03:58:39,0 days 00:03:11,12.068975617970352,0.059549532499675026,8.335306078851042e-07,42.51981727210729,3,1,[69065],0.13751458958740415,COMPLETE
258,258,0.01900902095617607,2023-02-05 03:58:39,2023-02-05 04:01:48,0 days 00:03:09,32.65363701953662,0.00030966446914376693,9.27767366449544e-06,43.2968757401711,3,1,[69065],0.12105949964079336,COMPLETE
259,259,0.01707463603449294,2023-02-05 04:01:48,2023-02-05 04:05:04,0 days 00:03:16,1.983537595834252,7.286722899364481e-05,0.009456446984536642,15.619434540120343,3,1,[69065],0.11201130198118901,COMPLETE
260,260,0.016637562364009713,2023-02-05 04:05:04,2023-02-05 04:08:16,0 days 00:03:12,0.0011273546908486557,6.096537053248196e-06,6.255864582588945e-08,7.340506587126333,3,1,[69065],0.09537425473758031,COMPLETE
261,261,0.02393484182149928,2023-02-05 04:08:16,2023-02-05 04:11:27,0 days 00:03:11,0.000714167262420507,0.0020171094665191315,5.899597687714407e-05,0.00043038889653266,3,1,[69065],0.15761837317070862,COMPLETE
262,262,0.016272569611034984,2023-02-05 04:11:27,2023-02-05 04:14:42,0 days 00:03:15,0.24884350829800447,0.0005912191481450844,0.0011053942529268607,2.51180719474663,3,1,[69065],0.10569888481224998,COMPLETE
263,263,0.013608953894687588,2023-02-05 04:14:42,2023-02-05 04:17:52,0 days 00:03:10,0.013557409048444559,4.036129776625497e-06,1.5533488019513966e-08,6.858253372173804,3,1,[69065],0.09734262562618574,COMPLETE
264,264,0.02149016425512452,2023-02-05 04:17:52,2023-02-05 04:21:05,0 days 00:03:13,0.37351222307025206,0.008046630927027619,0.0014930664389224183,0.0017233178980758962,3,1,[69065],0.13496064659829463,COMPLETE
265,265,0.021562999883918216,2023-02-05 04:21:05,2023-02-05 04:24:24,0 days 00:03:19,3.324412513074633,0.021924126441965723,0.0001295356639393852,0.29806418335218465,3,1,[69065],0.13798875192675997,COMPLETE
266,266,0.02010361586968556,2023-02-05 04:24:24,2023-02-05 04:27:39,0 days 00:03:15,3.8437057214926194,0.3732309049579449,0.000873336592098795,8.291628021554041,3,1,[69065],0.13981333234621893,COMPLETE
267,267,0.02094275898247189,2023-02-05 04:27:39,2023-02-05 04:30:46,0 days 00:03:07,68.06000014609774,0.0006033963691884231,2.660040985738241e-07,0.00036304753777242275,3,1,[69065],0.12828399138766608,COMPLETE
268,268,0.018497925682022406,2023-02-05 04:30:46,2023-02-05 04:34:03,0 days 00:03:17,1.7177050329861026,1.4379748736713869e-05,2.016272021146665e-05,0.0002099342218103221,3,1,[69065],0.11854114787753023,COMPLETE
269,269,0.02006712617802345,2023-02-05 04:34:03,2023-02-05 04:37:12,0 days 00:03:09,21.58717413171918,0.0016974872749929168,1.4460607162515877e-06,95.56346417894378,3,1,[69065],0.13609153953075884,COMPLETE
270,270,0.021526498212711898,2023-02-05 04:37:12,2023-02-05 04:40:23,0 days 00:03:11,2.148205317212335,0.8960940982051359,1.696400897217382e-06,22.98473340692735,3,1,[69065],0.13977639941142103,COMPLETE
271,271,0.021453530808931903,2023-02-05 04:40:23,2023-02-05 04:43:43,0 days 00:03:20,1.3857698226836437,0.0008834965357595227,0.008096143454239747,0.08289967377053689,3,1,[69065],0.13160416998350297,COMPLETE
272,272,0.02097922471504558,2023-02-05 04:43:43,2023-02-05 04:46:58,0 days 00:03:15,0.0016358329770017126,0.06617406095946891,0.0002548473965784228,6.433918944341911,3,1,[69065],0.13955765293415576,COMPLETE
273,273,0.017111604907923426,2023-02-05 04:46:58,2023-02-05 04:50:16,0 days 00:03:18,0.26380138411586446,1.7792528853300828e-05,2.309977928809368e-06,0.0005972443087461466,3,1,[69065],0.11321427583116173,COMPLETE
274,274,0.021854809601317176,2023-02-05 04:50:16,2023-02-05 04:53:31,0 days 00:03:15,0.13003518705459866,0.06053155688972416,0.002371378249001583,0.21513342215222342,3,1,[69065],0.13795229817373048,COMPLETE
275,275,0.028604791602052,2023-02-05 04:53:31,2023-02-05 04:56:42,0 days 00:03:11,0.000114257428600054,1.0813989179678448e-06,7.044713262766937e-05,0.050481535233030936,3,1,[69065],0.18195419429598791,COMPLETE
276,276,0.02138057538469611,2023-02-05 04:56:42,2023-02-05 04:59:54,0 days 00:03:12,0.036236359023698685,0.00047875375788585515,8.506451333225052e-05,0.045777154077889834,3,1,[69065],0.1355078601982399,COMPLETE
277,277,0.018571240492584486,2023-02-05 04:59:54,2023-02-05 05:03:13,0 days 00:03:19,3.8138892961507107,0.00023328362025690067,0.005647555070798559,12.583620643613543,3,1,[69065],0.11806739284267755,COMPLETE
278,278,0.017185147329825484,2023-02-05 05:03:13,2023-02-05 05:06:28,0 days 00:03:15,0.026343538217264956,9.202002180477755e-05,1.4807574902121273e-08,3.2065170171793005,3,1,[69065],0.10157617259073097,COMPLETE
279,279,0.01816941064116557,2023-02-05 05:06:28,2023-02-05 05:09:41,0 days 00:03:13,0.006596521218054064,2.4752137258309285e-06,4.629425421318468e-08,0.010142164061004981,3,1,[69065],0.1179213741783081,COMPLETE
280,280,0.022730681996649803,2023-02-05 05:09:41,2023-02-05 05:12:51,0 days 00:03:10,0.003730511570272136,0.006751925359688464,5.282802444195895e-06,0.00019923294923999139,3,1,[69065],0.14338848356101055,COMPLETE
281,281,0.0226574630224414,2023-02-05 05:12:51,2023-02-05 05:16:01,0 days 00:03:10,0.004232933826943326,0.19266284838130532,0.002195853260609141,0.004370836638329189,3,1,[69065],0.14572353631832427,COMPLETE
282,282,0.019410479441724488,2023-02-05 05:16:01,2023-02-05 05:19:15,0 days 00:03:14,8.11337295712638,0.0001239610309402718,1.1101219931816352e-06,0.0003691881774278624,3,1,[69065],0.11930829392961755,COMPLETE
283,283,0.02130779965362346,2023-02-05 05:19:15,2023-02-05 05:22:23,0 days 00:03:08,0.0013307664477155586,0.13864650859861063,1.192215823329199e-08,0.07722932551425338,3,1,[69065],0.14247631314672318,COMPLETE
284,284,0.020359127568129767,2023-02-05 05:22:23,2023-02-05 05:25:38,0 days 00:03:15,0.20210332658235278,0.784210717756291,3.1488525787866283e-07,0.00181688199640739,3,1,[69065],0.1422212207323263,COMPLETE
285,285,0.013207124043268676,2023-02-05 05:25:38,2023-02-05 05:28:52,0 days 00:03:14,6.2706269058768775,1.1872557217360291e-06,3.1718732695288514e-06,12.698033226917609,3,1,[69065],0.10905603228151738,COMPLETE
286,286,0.02207377171037823,2023-02-05 05:28:52,2023-02-05 05:32:03,0 days 00:03:11,0.0006251680935714318,0.046162711493490084,3.8562344010429244e-06,0.00010930761905521973,3,1,[69065],0.14459245171315271,COMPLETE
287,287,0.01871703154561397,2023-02-05 05:32:03,2023-02-05 05:35:21,0 days 00:03:18,1.1757922144673878,5.710995192216026e-05,1.5519090500747607e-05,0.0006922220053087757,3,1,[69065],0.12018312410460393,COMPLETE
288,288,0.02105214420064874,2023-02-05 05:35:21,2023-02-05 05:38:33,0 days 00:03:12,0.051880163544552826,0.021314629948408468,0.0005658182653949474,0.0017870956228571925,3,1,[69065],0.13995902756289472,COMPLETE
289,289,0.020359103609041345,2023-02-05 05:38:34,2023-02-05 05:41:48,0 days 00:03:14,0.001041338250604735,0.35133326826254346,2.6283559029470005e-07,0.03306609748066932,3,1,[69065],0.14043314198407367,COMPLETE
290,290,0.022292745798983483,2023-02-05 05:41:48,2023-02-05 05:45:01,0 days 00:03:13,0.0015461609333584688,0.08816530515932705,7.126902242882624e-06,0.04938899005615596,3,1,[69065],0.14455606983738847,COMPLETE
291,291,0.02101576232488452,2023-02-05 05:45:01,2023-02-05 05:48:17,0 days 00:03:16,7.140322799908044,0.022181448640049634,1.304094449823488e-08,0.003959962591393699,3,1,[69065],0.13798893161992307,COMPLETE
292,292,0.019446585787971888,2023-02-05 05:48:17,2023-02-05 05:51:33,0 days 00:03:16,0.007541509205711589,0.0008465266667571582,0.0003082582212081547,13.366641876153667,3,1,[69065],0.11817698171310596,COMPLETE
293,293,0.009413346146653819,2023-02-05 05:51:33,2023-02-05 05:54:47,0 days 00:03:14,0.000129058518480592,1.4545330155219197e-06,6.692237346275971e-08,55.71837821017516,3,1,[69065],0.09238326203707596,COMPLETE
294,294,0.021307572042283476,2023-02-05 05:54:47,2023-02-05 05:58:07,0 days 00:03:20,0.046675847082958265,0.0064853756645173646,0.0013010650408079637,2.4000587347732485,3,1,[69065],0.1371494291208105,COMPLETE
295,295,0.017439592848835044,2023-02-05 05:58:07,2023-02-05 06:01:22,0 days 00:03:15,0.041767804112250326,1.18528391704613e-06,4.064938089034248e-07,0.0053840074059214585,3,1,[69065],0.11689979458675544,COMPLETE
296,296,0.028641281293714103,2023-02-05 06:01:22,2023-02-05 06:04:38,0 days 00:03:16,0.000449386501551579,3.499762748025497e-06,7.245599542269591e-05,0.05990269106991329,3,1,[69065],0.1817352561460153,COMPLETE
297,297,0.02174556813767084,2023-02-05 06:04:38,2023-02-05 06:07:56,0 days 00:03:18,0.23683225311766654,0.21162125036358553,0.009609455751162019,0.0038148342563199596,3,1,[69065],0.1401051061249852,COMPLETE
298,298,0.015871374675459172,2023-02-05 06:07:56,2023-02-05 06:11:04,0 days 00:03:08,0.0011988429200662754,0.00022218254132327125,1.3250854358303101e-08,71.4392482853262,3,1,[69065],0.10493348777361727,COMPLETE
299,299,0.02200067253161192,2023-02-05 06:11:04,2023-02-05 06:14:21,0 days 00:03:17,0.00036305826236500806,0.03568796115395635,0.00036014208319824813,26.817354749728867,3,1,[69065],0.13974000555611257,COMPLETE
